{"cameraMode":{"drawMode":0,"name":"Shaded","section":"Shading Mode"},"sceneLighting":true,"audioPlay":false,"sceneViewState":{"showFog":true,"showMaterialUpdate":false,"showSkybox":true,"showFlares":true,"showImageEffects":true,"showParticleSystems":true},"in2DMode":false,"pivot":{"x":8.9854736328125,"y":1.50531005859375,"z":0.9599609375},"rotation":{"x":-0.023964611813426019,"y":-0.05246063694357872,"z":-0.001259210635907948,"w":0.9983345866203308},"size":7.038670063018799,"orthographic":true}