{"cameraMode":{"drawMode":0,"name":"Shaded","section":"Shading Mode"},"sceneLighting":true,"audioPlay":false,"sceneViewState":{"showFog":true,"showMaterialUpdate":false,"showSkybox":true,"showFlares":true,"showImageEffects":true,"showParticleSystems":true},"in2DMode":false,"pivot":{"x":6.992919921875,"y":-0.54364013671875,"z":0.841796875},"rotation":{"x":-0.023964611813426019,"y":-0.05246063694357872,"z":-0.001259210635907948,"w":0.9983345866203308},"size":5.889767169952393,"orthographic":true}