{"cameraMode":{"drawMode":0,"name":"Shaded","section":"Shading Mode"},"sceneLighting":true,"audioPlay":false,"sceneViewState":{"showFog":true,"showMaterialUpdate":false,"showSkybox":true,"showFlares":true,"showImageEffects":true,"showParticleSystems":true},"in2DMode":false,"pivot":{"x":7.257538318634033,"y":0.2590298652648926,"z":-7.04732084274292},"rotation":{"x":-0.14287251234054566,"y":0.4756893217563629,"z":-0.07862638682126999,"w":-0.864368736743927},"size":6.296052932739258,"orthographic":false}