{"cameraMode":{"drawMode":0,"name":"Shaded","section":"Shading Mode"},"sceneLighting":true,"audioPlay":false,"sceneViewState":{"showFog":true,"showMaterialUpdate":false,"showSkybox":true,"showFlares":true,"showImageEffects":true,"showParticleSystems":true},"in2DMode":false,"pivot":{"x":7.9300537109375,"y":0.544769287109375,"z":0.79052734375},"rotation":{"x":-0.023964611813426019,"y":-0.05246063694357872,"z":-0.001259210635907948,"w":0.9983345866203308},"size":4.103809833526611,"orthographic":true}